title,imdb_id
A Stranger of Mine,tt0461857
Miss Hokusai,tt3689910
Being Canadian,tt1723659
Dor,tt0824316
Life Is Ruff,tt0450455
Cow Belles,tt0489007
Genius,tt0193187
Teen Lust,tt1718915
Scanner Cop,tt0111082
The Timber,tt2215673
Sriracha,tt2992302
The Willies,tt0103268
Evil Things,tt1413527
Last Shift,tt2965466
The Immortal Voyage of Captain Drake,tt1129410
Fuck You Goethe 2,tt3702996
Pay the Ghost,tt3733778
A Million,tt1535419
A Song of Lisbon,tt0023871
Un mundo cuadrado,tt1654082
Catch Me Daddy,tt2626964
The Furthest End Awaits,tt3524792
Flying Colors,tt4195368
"Davy Crockett, Indian Scout",tt0042383
Infinite,tt2456338
The Brave Little Toaster to the Rescue,tt0163986
Macropolis,tt2252388
Oh Willy...,tt2372335
The Legend of Seven Cutter,tt0798423
Naked Under the Moon,tt0277740
Thunderbolt,tt0020499
A Date with the Falcon,tt0033517
Acolytes,tt0902952
Any And Every Which Way,tt1584828
Babes in Toyland,tt0168473
Black River,tt0280241
Varg Veum - Black Sheep,tt1699164
Seashore,tt4427060
Lootera,tt2224317
Fire in Babylon,tt1727790
Consolation Marriage,tt0021761
Dear Mr. Gacy,tt1371117
Death Machines,tt0074383
Drunk Wedding,tt1950135
Evidence,tt1640218
Ghoul,tt3101132
Ghoul,tt1877647
Headspace,tt0417745
Island of Love,tt0057189
Legion,tt0126387
Let Go,tt1674776
Resurrection County,tt1297943
The Rite,tt0064897
Remains,tt1870527
Stolen Identity,tt0046372
Tango,tt0108290
Devil Seed,tt2061822
The Dark,tt0079027
The Dark Hour,tt0484273
The Lost,tt0451102
The Love Light,tt0012408
Arizona Colt,tt0060124
The Phantom of Crestwood,tt0023335
The Program,tt3083008
The Red Kimona,tt0016276
The Selling,tt1552214
The Warrior Empress,tt0054263
Trade Winds,tt0030888
Vanessa: Her Love Story,tt0027166
Witchboard 2: The Devil's Doorway,tt0108577
My Little Bride,tt0395140
Young Bride,tt0023720
Love Is in the Air,tt1592556
White Rabbit,tt2241116
The Silenced,tt4708348
Alice in Earnestland,tt4702528
The Classified File,tt4791594
Helios,tt3614922
Hollywood Adventures,tt4115932
Hush Little Baby,tt1031294
Carnival of Souls,tt0120627
Full Out,tt3977462
The Boys Club,tt0118763
Apaharan,tt0451631
Bangalore Days,tt3668162
Ohm Shanthi Oshaana,tt3517192
Baazigar,tt0106333
Sparsh,tt0079938
Alaipayuthey,tt0242256
The Dirty Picture,tt1954206
Garam Masala,tt0453671
Chup Chup Ke,tt0464160
Dulhe Raja,tt0210659
Mr. & Mrs. Khiladi,tt0162480
Vaaranam Aayiram,tt1180583
Vedam,tt1649431
Little Witch Academia,tt2704454
A Small Act,tt1262958
Cat Shit One,tt2368669
Rabbit and Deer,tt2664910
"Arab Cortege, Geneva",tt0256607
The Mole at the Sea,tt2765306
Paul Taylor Creative Domain,tt2415728
1001 Grams,tt3346824
Factory Girl,tt3182596
Cemetery of Splendour,tt2818654
Crumbs,tt4362764
Much Loved,tt4685750
Tiger House,tt2911674
The Tyrannical Father,tt0033994
Courtyard of the Ballads,tt0035228
O Costa d'África,tt0046873
Star,tt3924450
The Quiet Hour,tt2645188
Everything Before Us,tt4401704
The Idealist,tt3170900
"You're a Good Sport, Charlie Brown",tt0073922
I Am Here,tt3004746
The Legend of Paul and Paula,tt0070299
Desolation Canyon,tt0463959
Nana,tt0025555
Cemetery Without Crosses,tt0063740
L'Oranais,tt3407316
French Blood,tt4168502
Ricochet,tt1942951
Arthur & Merlin,tt4065340
Breaking Dawn,tt0366518
The Lady in the Car with Glasses and a Gun,tt4159182
The 10 Year Plan,tt3239442
Urban Family,tt3678188
The Slurb,tt0265691
Distractions,tt3678192
Snow-White and Rose-Red,tt0210964
Essex Boys: Law of Survival,tt4608574
Blastfighter,tt0088818
A Christmas Horror Story,tt3688406
Sissi: The Fateful Years of an Empress,tt0050974
Sissi,tt0048624
Evil Ed,tt0116247
RangiTaranga,tt4432480
Robot Wars,tt0107979
Robo Warriors,tt0117497
Laserblast,tt0077834
Spookies,tt0090057
Nightbeast,tt0086013
Vaya con Dios,tt0295001
The Thread,tt4211516
Certain Prey,tt1864461
Spicy Love Soup,tt0239220
Life Eternal,tt3642618
7 Chinese Brothers,tt3488184
Beautiful Days,tt0135031
To New Shores,tt0029819
Virgin Mountain,tt2611652
From The Depths of My Heart,tt4059696
Antarctica: Ice & Sky,tt4466550
Navy Seals vs. Zombies,tt4511566
Rosenwald,tt2514028
The Laundryman,tt4801514
A Bell for Ursli,tt4136636
Delirium,tt0068471
Bringing Ashley Home,tt1765730
Stavitel chrámu,tt1075062
Sleepless In New York,tt3195056
Mediterranea,tt3486542
Alias Maria,tt3685554
Hotel Transylvania 2,tt2510894
Hidden,tt2131532
Anti-Social,tt3475596
The Goob,tt3009070
The Beat Beneath My Feet,tt3064356
A Horse for Summer,tt2901516
Pure,tt1483753
The Dinner,tt3561348
The Seven Deadly Sins,tt0056467
From the Head,tt1714051
Solitary,tt1327763
Triple Dare,tt0776804
"Life, Love & Celluloid",tt0148403
Don't Think I've Forgotten: Cambodia's Lost Rock and Roll,tt2634200
Tim Maia,tt3134058
Now You See It...,tt0426568
Stuck in the Suburbs,tt0410696
Jump In!,tt0805559
Winning London,tt0272360
Minutemen,tt1072755
30 Days Until I'm Famous,tt0389721
2gether,tt0221789
Too Young to Marry,tt0977668
Fish & Cat,tt3257072
When Day Breaks,tt2093153
Dark Blood,tt0293069
Not Waving But Drowning,tt1859558
Oddball,tt3401748
Jett Jackson: The Movie,tt0272606
Snapphanar,tt0820010
RUSH: Time Machine,tt2079566
Don't Look Down,tt1233487
Sheila Levine is Dead and Living in New York,tt0073698
Orson Welles: The One-Man Band,tt0117262
Jumanji,tt0113497
Grumpier Old Men,tt0113228
Star Trek V: The Final Frontier,tt0098382
Star Trek II: The Wrath of Khan,tt0084726
Star Trek III: The Search for Spock,tt0088170
The City of Lost Children,tt0112682
La Haine,tt0113247
Happiness Is in the Field,tt0112556
Boomerang,tt0103859
Billy Madison,tt0112508
French Kiss,tt0113117
The Hunted,tt0113360
Bitter Moon,tt0104779
Colonel Chabert,tt0109454
Killing Zoe,tt0110265
Savage Nights,tt0105032
Thirty Two Short Films About Glenn Gould,tt0108328
2 or 3 Things I Know About Her,tt0060304
Dead Tired,tt0109942
Mars Attacks!,tt0116996
Thieves,tt0118100
Salut cousin !,tt0117544
Le Bonheur,tt0058985
Seventh Heaven,tt0124115
A Soldier's Daughter Never Cries,tt0120835
Along the Coast,tt0051561
Reunion in France,tt0035250
A Gentle Woman,tt0065152
Intimate Enemies,tt0825248
The Moon in the Gutter,tt0085878
Belle Toujours,tt0475224
The King of Escape,tt1354564
Tomorrow We Move,tt0328990
Lai Bhaari,tt3850798
Haathi Mere Saathi,tt0272118
Mera Naam Joker,tt0066070
Benaam,tt0071205
Hero,tt0123102
Masoom,tt0085913
Rang Birangi,tt0086170
Karma,tt0091328
Mr. India,tt0093578
Tezaab,tt0096252
Maine Pyar Kiya,tt0100095
Saajan,tt0102825
Phool Aur Kaante,tt0254683
100 Days,tt0101244
Heart,tt0267617
Jo Jeeta Wohi Sikandar,tt0104561
Hum Hain Rahi Pyar Ke,tt0107166
Khal Nayak,tt0107311
Meet the Patels,tt2378401
King Uncle,tt0107321
Barsaat,tt0112459
Raja Hindustani,tt0117437
Khamoshi: The Musical,tt0116763
Ghatak: Lethal,tt0116407
Chachi 420,tt0233422
Dil To Pagal Hai,tt0118983
Gupt: The Hidden Truth,tt0119239
China Gate,tt0210609
Pyaar Kiya To Darna Kya,tt0173080
Daud,tt0118931
Soldier,tt0211634
Biwi No. 1,tt0207341
Mast,tt0214931
Kachche Dhaage,tt0206067
Deewane,tt0255097
Dhadkan,tt0255111
Khiladi 420,tt0255305
Kurukshetra,tt0255309
Refugee,tt0250690
Kya Kehna,tt0250483
Fiza,tt0248012
